OrderID,CustomerID,OrderDate,Category,Product,Quantity,Price ,PaymentMethod,Region,TotalSales
O0001,C015,29/03/2025,Electronics,Phone,3,£400.31,Digital Wallet,South,"£1,200.93"
O0002,C021,05/09/2024,Clothing,T-Shirt,3,£392.05,Credit Card,North,"£1,176.15"
O0003,C215,02/08/2024,Toys,Board Game,3,£228.46,Credit Card,North,£685.38
O0004,C117,07/05/2025,Electronics,Phone,3,£235.03,PayPal,North,£705.09
O0005,C131,07/11/2024,Toys,Puzzle,4,£80.00,Bank Transfer,South,£320.00
O0006,C088,27/10/2024,Books,Comics,2,£37.64,Digital Wallet,North,£75.28
O0007,C130,18/10/2024,Clothing,Jacket,4,£469.89,Bank Transfer,East,"£1,879.56"
O0008,C161,16/09/2024,Home & Kitchen,Blender,4,£496.18,PayPal,East,"£1,984.72"
O0009,C236,06/05/2025,Electronics,Phone,4,£309.71,Bank Transfer,North,"£1,238.84"
O0010,C059,01/09/2024,Home & Kitchen,Cookware Set,1,£152.70,Digital Wallet,North,£152.70
O0011,C220,12/04/2025,Books,Comics,3,£78.35,Credit Card,West,£235.05
O0012,C190,07/05/2025,Electronics,Headphones,4,£189.52,Digital Wallet,East,£758.08
O0013,C051,05/07/2025,Toys,Puzzle,2,£394.74,Credit Card,North,£789.48
O0014,C064,20/02/2025,Clothing,Jeans,4,£261.97,Credit Card,South,"£1,047.88"
O0015,C051,26/08/2024,Electronics,Laptop,1,£32.76,Digital Wallet,West,£32.76
O0016,C167,10/03/2025,Home & Kitchen,Blender,3,£93.56,Digital Wallet,East,£280.68
O0017,C060,03/01/2025,Clothing,Jacket,2,£474.95,Digital Wallet,North,£949.90
O0018,C009,05/08/2024,Toys,Action Figure,2,£406.11,PayPal,South,£812.22
O0019,C084,04/08/2024,Clothing,Jeans,2,£57.86,Bank Transfer,East,£115.72
O0020,C199,29/08/2024,Toys,Puzzle,4,£225.67,Digital Wallet,North,£902.68
O0021,C175,16/10/2024,Clothing,T-Shirt,4,£252.64,Digital Wallet,West,"£1,010.56"
O0022,C164,22/10/2024,Home & Kitchen,Blender,3,£455.57,PayPal,East,"£1,366.71"
O0023,C002,05/02/2025,Clothing,Jacket,2,£334.64,Bank Transfer,West,£669.28
O0024,C106,14/03/2025,Books,Fiction,2,£264.83,Digital Wallet,South,£529.66
O0025,C191,03/08/2024,Clothing,Jacket,4,£100.58,Digital Wallet,West,£402.32
O0026,C162,26/02/2025,Toys,Board Game,2,£389.82,Digital Wallet,South,£779.64
O0027,C014,09/10/2024,Clothing,Jacket,2,£448.47,Bank Transfer,North,£896.94
O0028,C200,28/04/2025,Electronics,Phone,3,£461.72,PayPal,South,"£1,385.16"
O0029,C249,02/04/2025,Books,Comics,2,£106.03,Credit Card,West,£212.06
O0030,C208,22/04/2025,Books,Comics,2,£169.41,Bank Transfer,East,£338.82
O0031,C053,20/02/2025,Toys,Puzzle,1,£142.96,Credit Card,East,£142.96
O0032,C188,02/01/2025,Home & Kitchen,Blender,4,£184.81,Digital Wallet,West,£739.24
O0033,C157,17/10/2024,Clothing,Jeans,4,£145.24,Credit Card,East,£580.96
O0034,C089,14/01/2025,Toys,Puzzle,3,£90.98,Credit Card,East,£272.94
O0035,C129,09/03/2025,Toys,Action Figure,3,£217.47,PayPal,South,£652.41
O0036,C063,09/11/2024,Home & Kitchen,Blender,4,£153.81,Credit Card,East,£615.24
O0037,C136,03/06/2025,Books,Fiction,3,£107.43,Credit Card,East,£322.29
O0038,C123,26/06/2025,Home & Kitchen,Blender,3,£397.19,Credit Card,South,"£1,191.57"
O0039,C041,26/07/2024,Toys,Puzzle,1,£463.89,Credit Card,West,£463.89
O0040,C072,14/05/2025,Electronics,Headphones,4,£432.92,PayPal,South,"£1,731.68"
O0041,C048,01/06/2025,Books,Comics,4,£172.14,PayPal,East,£688.56
O0042,C216,24/09/2024,Toys,Action Figure,3,£162.38,Bank Transfer,South,£487.14
O0043,C104,21/04/2025,Toys,Action Figure,1,£367.51,PayPal,East,£367.51
O0044,C193,04/01/2025,Books,Comics,2,£444.73,Digital Wallet,West,£889.46
O0045,C206,03/12/2024,Toys,Board Game,3,£68.60,Credit Card,South,£205.80
O0046,C218,08/11/2024,Clothing,T-Shirt,3,£382.78,Digital Wallet,North,"£1,148.34"
O0047,C103,22/09/2024,Toys,Action Figure,3,£387.77,PayPal,South,"£1,163.31"
O0048,C015,15/10/2024,Electronics,Phone,3,£266.14,Credit Card,South,£798.42
O0049,C205,16/05/2025,Electronics,Phone,2,£22.46,Digital Wallet,North,£44.92
O0050,C231,01/12/2024,Toys,Puzzle,3,£25.40,Digital Wallet,West,£76.20
O0051,C096,01/09/2024,Clothing,Jacket,1,£164.03,PayPal,West,£164.03
O0052,C151,29/08/2024,Clothing,Jeans,4,£454.71,Bank Transfer,South,"£1,818.84"
O0053,C171,18/12/2024,Electronics,Phone,3,£211.09,Bank Transfer,East,£633.27
O0054,C160,30/08/2024,Books,Non-fiction,1,£122.11,Bank Transfer,North,£122.11
O0055,C086,10/12/2024,Electronics,Phone,3,£151.98,Bank Transfer,East,£455.94
O0056,C045,18/06/2025,Electronics,Phone,4,£465.55,PayPal,South,"£1,862.20"
O0057,C134,04/12/2024,Toys,Board Game,2,£320.37,PayPal,West,£640.74
O0058,C044,15/03/2025,Clothing,Jeans,4,£403.80,Bank Transfer,South,"£1,615.20"
O0059,C075,03/11/2024,Electronics,Laptop,4,£447.35,Credit Card,North,"£1,789.40"
O0060,C092,02/06/2025,Toys,Puzzle,4,£405.65,Credit Card,South,"£1,622.60"
O0061,C225,09/08/2024,Clothing,Jeans,1,£165.82,Bank Transfer,West,£165.82
O0062,C190,03/05/2025,Clothing,Jeans,1,£121.69,Credit Card,South,£121.69
O0063,C233,18/01/2025,Books,Fiction,1,£410.83,Bank Transfer,East,£410.83
O0064,C200,17/02/2025,Books,Non-fiction,3,£13.41,Bank Transfer,West,£40.23
O0065,C165,10/09/2024,Clothing,T-Shirt,3,£214.53,Digital Wallet,South,£643.59
O0066,C172,17/07/2025,Electronics,Headphones,1,£68.73,Credit Card,East,£68.73
O0067,C118,18/12/2024,Electronics,Phone,4,£472.03,Bank Transfer,South,"£1,888.12"
O0068,C233,23/08/2024,Electronics,Headphones,4,£264.21,Credit Card,South,"£1,056.84"
O0069,C241,23/02/2025,Electronics,Headphones,4,£188.18,Credit Card,South,£752.72
O0070,C039,14/11/2024,Books,Fiction,2,£481.60,PayPal,North,£963.20
O0071,C101,11/06/2025,Toys,Puzzle,2,£359.01,Bank Transfer,East,£718.02
O0072,C187,25/03/2025,Home & Kitchen,Blender,1,£498.89,Digital Wallet,South,£498.89
O0073,C220,21/03/2025,Home & Kitchen,Cookware Set,1,£488.54,PayPal,East,£488.54
O0074,C224,02/07/2025,Books,Non-fiction,2,£26.19,Credit Card,North,£52.38
O0075,C126,23/06/2025,Books,Comics,1,£320.83,Credit Card,North,£320.83
O0076,C218,11/12/2024,Toys,Puzzle,2,£270.16,Digital Wallet,South,£540.32
O0077,C247,05/03/2025,Home & Kitchen,Blender,4,£280.92,PayPal,East,"£1,123.68"
O0078,C184,06/10/2024,Home & Kitchen,Blender,4,£49.62,Bank Transfer,East,£198.48
O0079,C038,23/04/2025,Toys,Action Figure,3,£128.66,Credit Card,East,£385.98
O0080,C098,20/08/2024,Electronics,Phone,4,£240.45,Digital Wallet,North,£961.80
O0081,C240,10/08/2024,Electronics,Headphones,2,£205.42,PayPal,East,£410.84
O0082,C124,06/04/2025,Home & Kitchen,Vacuum Cleaner,4,£419.30,PayPal,East,"£1,677.20"
O0083,C093,20/10/2024,Clothing,Jacket,3,£101.39,Digital Wallet,West,£304.17
O0084,C187,20/05/2025,Home & Kitchen,Blender,3,£299.54,Credit Card,West,£898.62
O0085,C195,13/11/2024,Home & Kitchen,Blender,4,£18.13,Credit Card,East,£72.52
O0086,C096,23/08/2024,Clothing,Jacket,3,£120.98,Digital Wallet,South,£362.94
O0087,C161,21/06/2025,Books,Comics,3,£95.44,Bank Transfer,North,£286.32
O0088,C082,22/10/2024,Electronics,Phone,4,£199.50,PayPal,North,£798.00
O0089,C220,25/06/2025,Home & Kitchen,Vacuum Cleaner,4,£77.39,PayPal,West,£309.56
O0090,C151,01/09/2024,Clothing,T-Shirt,1,£65.60,Digital Wallet,East,£65.60
O0091,C099,18/12/2024,Electronics,Laptop,3,£439.90,PayPal,South,"£1,319.70"
O0092,C090,08/11/2024,Electronics,Laptop,3,£333.39,Bank Transfer,South,"£1,000.17"
O0093,C060,16/01/2025,Clothing,T-Shirt,4,£282.05,PayPal,West,"£1,128.20"
O0094,C048,27/03/2025,Electronics,Phone,1,£128.51,Digital Wallet,West,£128.51
O0095,C037,12/06/2025,Clothing,Jeans,2,£449.64,PayPal,North,£899.28
O0096,C009,12/12/2024,Books,Fiction,4,£320.22,Bank Transfer,South,"£1,280.88"
O0097,C048,25/09/2024,Clothing,Jeans,1,£181.11,Digital Wallet,East,£181.11
O0098,C152,14/12/2024,Clothing,T-Shirt,4,£449.58,Credit Card,South,"£1,798.32"
O0099,C152,08/12/2024,Books,Non-fiction,2,£392.14,Digital Wallet,North,£784.28
O0100,C200,13/10/2024,Home & Kitchen,Cookware Set,4,£51.23,Bank Transfer,East,£204.92
O0101,C084,10/04/2025,Electronics,Phone,4,£450.29,Digital Wallet,South,"£1,801.16"
O0102,C217,04/11/2024,Toys,Board Game,2,£14.51,Credit Card,North,£29.02
O0103,C146,22/04/2025,Toys,Board Game,3,£487.10,Digital Wallet,East,"£1,461.30"
O0104,C194,22/07/2025,Books,Comics,4,£159.63,Credit Card,West,£638.52
O0105,C189,15/04/2025,Toys,Puzzle,2,£229.73,Digital Wallet,North,£459.46
O0106,C068,01/04/2025,Books,Fiction,1,£96.20,PayPal,East,£96.20
O0107,C048,20/08/2024,Books,Fiction,1,£252.01,Digital Wallet,East,£252.01
O0108,C136,17/03/2025,Electronics,Headphones,4,£189.57,Digital Wallet,East,£758.28
O0109,C128,27/03/2025,Books,Non-fiction,3,£363.26,Bank Transfer,East,"£1,089.78"
O0110,C187,28/09/2024,Toys,Puzzle,1,£275.84,PayPal,West,£275.84
O0111,C022,16/02/2025,Books,Comics,3,£321.80,PayPal,East,£965.40
O0112,C230,03/05/2025,Books,Comics,2,£299.04,Credit Card,East,£598.08
O0113,C008,27/10/2024,Home & Kitchen,Blender,1,£248.50,Bank Transfer,East,£248.50
O0114,C021,25/09/2024,Books,Non-fiction,3,£222.85,Bank Transfer,South,£668.55
O0115,C111,19/01/2025,Toys,Board Game,2,£326.10,PayPal,North,£652.20
O0116,C061,18/12/2024,Home & Kitchen,Vacuum Cleaner,4,£433.44,Digital Wallet,North,"£1,733.76"
O0117,C035,05/11/2024,Clothing,Jacket,4,£147.58,Digital Wallet,South,£590.32
O0118,C017,18/07/2025,Clothing,T-Shirt,4,£326.28,Credit Card,North,"£1,305.12"
O0119,C221,29/03/2025,Clothing,Jeans,4,£470.82,Credit Card,West,"£1,883.28"
O0120,C099,17/04/2025,Books,Comics,2,£458.28,PayPal,West,£916.56
O0121,C024,25/02/2025,Books,Non-fiction,4,£17.57,PayPal,South,£70.28
O0122,C181,17/10/2024,Electronics,Phone,1,£219.81,Bank Transfer,South,£219.81
O0123,C225,15/04/2025,Clothing,Jacket,3,£482.17,Bank Transfer,North,"£1,446.51"
O0124,C213,26/11/2024,Toys,Puzzle,4,£154.28,Credit Card,West,£617.12
O0125,C067,16/06/2025,Clothing,Jeans,4,£427.06,Digital Wallet,West,"£1,708.24"
O0126,C234,18/05/2025,Toys,Action Figure,4,£192.62,Bank Transfer,West,£770.48
O0127,C067,21/05/2025,Clothing,Jacket,3,£423.66,Bank Transfer,West,"£1,270.98"
O0128,C114,14/08/2024,Home & Kitchen,Blender,4,£44.50,Digital Wallet,West,£178.00
O0129,C151,20/10/2024,Clothing,Jeans,4,£338.86,Bank Transfer,North,"£1,355.44"
O0130,C234,08/06/2025,Home & Kitchen,Blender,2,£134.54,Digital Wallet,East,£269.08
O0131,C104,05/08/2024,Home & Kitchen,Vacuum Cleaner,2,£168.05,Credit Card,South,£336.10
O0132,C246,01/06/2025,Clothing,T-Shirt,1,£76.94,Bank Transfer,South,£76.94
O0133,C170,23/11/2024,Clothing,T-Shirt,4,£280.88,Bank Transfer,West,"£1,123.52"
O0134,C050,26/12/2024,Home & Kitchen,Vacuum Cleaner,3,£215.69,Bank Transfer,West,£647.07
O0135,C060,04/11/2024,Electronics,Phone,1,£309.64,Bank Transfer,West,£309.64
O0136,C036,18/08/2024,Toys,Action Figure,2,£12.54,Credit Card,West,£25.08
O0137,C008,13/10/2024,Books,Fiction,1,£105.19,Digital Wallet,East,£105.19
O0138,C142,13/07/2025,Books,Non-fiction,4,£204.42,PayPal,West,£817.68
O0139,C143,01/03/2025,Clothing,Jeans,4,£444.44,Bank Transfer,West,"£1,777.76"
O0140,C032,29/06/2025,Electronics,Laptop,4,£293.64,Digital Wallet,West,"£1,174.56"
O0141,C051,28/04/2025,Clothing,Jeans,3,£339.29,PayPal,North,"£1,017.87"
O0142,C190,23/11/2024,Books,Comics,1,£85.97,Credit Card,North,£85.97
O0143,C058,14/10/2024,Books,Fiction,1,£421.08,Bank Transfer,South,£421.08
O0144,C170,04/04/2025,Electronics,Laptop,2,£132.62,Bank Transfer,East,£265.24
O0145,C235,02/02/2025,Clothing,Jeans,2,£158.60,Digital Wallet,East,£317.20
O0146,C008,24/12/2024,Books,Non-fiction,4,£170.06,Bank Transfer,East,£680.24
O0147,C108,02/07/2025,Electronics,Laptop,1,£143.06,Credit Card,North,£143.06
O0148,C006,14/07/2025,Home & Kitchen,Blender,1,£234.06,Credit Card,North,£234.06
O0149,C094,30/03/2025,Electronics,Phone,1,£105.25,PayPal,North,£105.25
O0150,C168,18/01/2025,Toys,Puzzle,3,£352.76,PayPal,South,"£1,058.28"
O0151,C114,17/09/2024,Books,Comics,4,£75.05,Credit Card,South,£300.20
O0152,C147,03/11/2024,Books,Comics,4,£360.15,Digital Wallet,East,"£1,440.60"
O0153,C019,16/09/2024,Clothing,Jacket,1,£205.42,Credit Card,South,£205.42
O0154,C090,27/10/2024,Home & Kitchen,Blender,4,£374.58,Credit Card,East,"£1,498.32"
O0155,C062,09/05/2025,Toys,Action Figure,1,£100.32,Bank Transfer,West,£100.32
O0156,C140,27/02/2025,Clothing,T-Shirt,3,£219.87,PayPal,North,£659.61
O0157,C122,18/02/2025,Home & Kitchen,Vacuum Cleaner,1,£38.51,Credit Card,North,£38.51
O0158,C096,03/11/2024,Home & Kitchen,Vacuum Cleaner,1,£226.75,Bank Transfer,East,£226.75
O0159,C089,10/05/2025,Electronics,Headphones,2,£56.00,Digital Wallet,North,£112.00
O0160,C129,08/03/2025,Books,Non-fiction,4,£467.96,Credit Card,West,"£1,871.84"
O0161,C192,06/01/2025,Home & Kitchen,Vacuum Cleaner,4,£263.18,Bank Transfer,South,"£1,052.72"
O0162,C093,07/07/2025,Books,Fiction,3,£223.48,Digital Wallet,West,£670.44
O0163,C154,07/03/2025,Books,Non-fiction,3,£33.38,Digital Wallet,East,£100.14
O0164,C086,26/12/2024,Clothing,T-Shirt,4,£87.74,Digital Wallet,West,£350.96
O0165,C220,11/12/2024,Clothing,Jeans,1,£177.52,Bank Transfer,East,£177.52
O0166,C094,17/10/2024,Electronics,Laptop,1,£56.14,Digital Wallet,South,£56.14
O0167,C197,15/09/2024,Books,Fiction,2,£489.96,Digital Wallet,East,£979.92
O0168,C218,06/02/2025,Home & Kitchen,Cookware Set,4,£18.41,Digital Wallet,North,£73.64
O0169,C100,31/01/2025,Toys,Puzzle,4,£405.39,Credit Card,South,"£1,621.56"
O0170,C101,28/08/2024,Books,Non-fiction,1,£237.69,PayPal,West,£237.69
O0171,C246,13/05/2025,Books,Non-fiction,3,£33.55,Credit Card,North,£100.65
O0172,C180,11/08/2024,Home & Kitchen,Blender,1,£444.47,Bank Transfer,South,£444.47
O0173,C147,23/06/2025,Home & Kitchen,Vacuum Cleaner,3,£17.50,Digital Wallet,West,£52.50
O0174,C248,04/09/2024,Toys,Action Figure,2,£255.51,Digital Wallet,West,£511.02
O0175,C016,21/09/2024,Toys,Board Game,1,£345.14,Digital Wallet,West,£345.14
O0176,C002,24/03/2025,Home & Kitchen,Cookware Set,4,£472.51,Digital Wallet,South,"£1,890.04"
O0177,C160,24/09/2024,Electronics,Headphones,1,£434.93,PayPal,East,£434.93
O0178,C140,27/05/2025,Electronics,Headphones,3,£402.47,PayPal,South,"£1,207.41"
O0179,C033,14/04/2025,Clothing,Jacket,2,£290.95,Bank Transfer,East,£581.90
O0180,C171,03/01/2025,Toys,Action Figure,1,£407.49,Digital Wallet,North,£407.49
O0181,C065,12/03/2025,Clothing,Jeans,1,£316.71,PayPal,East,£316.71
O0182,C043,17/08/2024,Clothing,Jeans,1,£329.23,Credit Card,South,£329.23
O0183,C012,20/12/2024,Home & Kitchen,Blender,4,£144.24,Credit Card,East,£576.96
O0184,C243,19/12/2024,Clothing,Jacket,3,£194.86,Bank Transfer,North,£584.58
O0185,C081,12/03/2025,Electronics,Headphones,2,£344.67,Digital Wallet,West,£689.34
O0186,C154,21/01/2025,Books,Non-fiction,2,£166.30,Digital Wallet,South,£332.60
O0187,C162,14/02/2025,Electronics,Laptop,2,£21.40,Bank Transfer,North,£42.80
O0188,C196,29/10/2024,Electronics,Laptop,3,£148.11,Bank Transfer,North,£444.33
O0189,C237,23/02/2025,Toys,Action Figure,2,£351.40,Credit Card,South,£702.80
O0190,C164,23/06/2025,Clothing,Jacket,3,£439.96,Digital Wallet,North,"£1,319.88"
O0191,C249,28/07/2024,Clothing,T-Shirt,1,£403.71,Bank Transfer,South,£403.71
O0192,C201,14/04/2025,Toys,Board Game,4,£96.95,Bank Transfer,West,£387.80
O0193,C177,29/04/2025,Home & Kitchen,Vacuum Cleaner,4,£405.35,Bank Transfer,East,"£1,621.40"
O0194,C210,06/09/2024,Toys,Action Figure,3,£212.18,Credit Card,North,£636.54
O0195,C152,14/04/2025,Clothing,Jacket,1,£390.44,PayPal,East,£390.44
O0196,C037,02/07/2025,Electronics,Phone,3,£466.07,PayPal,South,"£1,398.21"
O0197,C013,17/02/2025,Toys,Puzzle,4,£220.21,PayPal,North,£880.84
O0198,C105,11/05/2025,Books,Non-fiction,3,£379.73,Bank Transfer,East,"£1,139.19"
O0199,C062,04/11/2024,Electronics,Phone,2,£452.25,Digital Wallet,East,£904.50
O0200,C086,18/05/2025,Books,Fiction,4,£414.96,PayPal,East,"£1,659.84"
O0201,C177,29/03/2025,Toys,Action Figure,1,£448.81,PayPal,West,£448.81
O0202,C233,03/12/2024,Electronics,Headphones,4,£15.31,PayPal,South,£61.24
O0203,C199,05/09/2024,Home & Kitchen,Blender,3,£54.73,Credit Card,North,£164.19
O0204,C128,14/11/2024,Clothing,Jeans,4,£475.53,Digital Wallet,West,"£1,902.12"
O0205,C111,08/01/2025,Electronics,Laptop,4,£290.98,Digital Wallet,West,"£1,163.92"
O0206,C099,23/09/2024,Home & Kitchen,Vacuum Cleaner,4,£229.74,Bank Transfer,West,£918.96
O0207,C123,16/01/2025,Electronics,Headphones,4,£171.05,Credit Card,West,£684.20
O0208,C151,25/07/2024,Home & Kitchen,Vacuum Cleaner,1,£378.66,Digital Wallet,North,£378.66
O0209,C109,30/04/2025,Electronics,Phone,4,£396.91,Credit Card,East,"£1,587.64"
O0210,C167,29/06/2025,Toys,Puzzle,1,£252.27,PayPal,West,£252.27
O0211,C133,29/04/2025,Toys,Action Figure,2,£279.27,Bank Transfer,East,£558.54
O0212,C235,03/11/2024,Clothing,Jacket,3,£444.98,Bank Transfer,West,"£1,334.94"
O0213,C076,03/02/2025,Electronics,Laptop,3,£67.36,Digital Wallet,West,£202.08
O0214,C236,15/05/2025,Home & Kitchen,Cookware Set,1,£383.14,Credit Card,South,£383.14
O0215,C007,01/10/2024,Home & Kitchen,Cookware Set,1,£59.55,Bank Transfer,East,£59.55
O0216,C170,06/02/2025,Books,Comics,2,£353.47,Credit Card,West,£706.94
O0217,C122,13/07/2025,Electronics,Laptop,1,£412.71,Digital Wallet,East,£412.71
O0218,C165,03/09/2024,Electronics,Laptop,2,£49.86,Credit Card,West,£99.72
O0219,C240,27/06/2025,Books,Fiction,2,£493.45,PayPal,East,£986.90
O0220,C244,23/03/2025,Toys,Board Game,1,£191.61,Bank Transfer,North,£191.61
O0221,C217,16/11/2024,Clothing,Jeans,1,£474.15,PayPal,East,£474.15
O0222,C070,15/06/2025,Books,Comics,1,£379.16,Bank Transfer,North,£379.16
O0223,C189,29/03/2025,Electronics,Headphones,4,£50.92,PayPal,South,£203.68
O0224,C091,06/02/2025,Home & Kitchen,Vacuum Cleaner,4,£283.62,Credit Card,West,"£1,134.48"
O0225,C039,17/03/2025,Electronics,Phone,2,£454.11,Credit Card,West,£908.22
O0226,C141,09/10/2024,Electronics,Headphones,2,£251.39,PayPal,West,£502.78
O0227,C058,21/09/2024,Home & Kitchen,Vacuum Cleaner,2,£239.64,Digital Wallet,West,£479.28
O0228,C061,16/12/2024,Books,Non-fiction,4,£68.22,PayPal,West,£272.88
O0229,C001,16/05/2025,Toys,Puzzle,3,£328.11,Bank Transfer,South,£984.33
O0230,C190,24/09/2024,Toys,Action Figure,3,£295.85,PayPal,North,£887.55
O0231,C113,18/02/2025,Home & Kitchen,Cookware Set,1,£193.69,Digital Wallet,East,£193.69
O0232,C166,22/05/2025,Electronics,Laptop,1,£435.61,Digital Wallet,West,£435.61
O0233,C044,17/07/2025,Clothing,Jeans,1,£481.98,Bank Transfer,East,£481.98
O0234,C061,14/02/2025,Home & Kitchen,Vacuum Cleaner,1,£485.24,Bank Transfer,West,£485.24
O0235,C118,15/07/2025,Home & Kitchen,Blender,3,£446.66,PayPal,West,"£1,339.98"
O0236,C229,24/07/2024,Clothing,Jeans,1,£496.55,Credit Card,East,£496.55
O0237,C020,13/03/2025,Books,Comics,4,£281.39,Bank Transfer,West,"£1,125.56"
O0238,C233,26/11/2024,Clothing,Jeans,1,£266.32,Credit Card,South,£266.32
O0239,C159,29/01/2025,Toys,Action Figure,1,£350.92,Digital Wallet,North,£350.92
O0240,C118,31/07/2024,Books,Fiction,1,£317.50,Bank Transfer,North,£317.50
O0241,C185,05/09/2024,Clothing,Jeans,3,£451.57,PayPal,North,"£1,354.71"
O0242,C224,19/07/2025,Books,Non-fiction,3,£147.67,Digital Wallet,West,£443.01
O0243,C204,11/12/2024,Electronics,Laptop,4,£446.23,Bank Transfer,East,"£1,784.92"
O0244,C008,30/06/2025,Books,Comics,4,£313.86,Credit Card,North,"£1,255.44"
O0245,C090,11/06/2025,Clothing,Jacket,2,£102.18,Digital Wallet,South,£204.36
O0246,C178,02/06/2025,Electronics,Laptop,4,£183.14,Credit Card,North,£732.56
O0247,C041,20/11/2024,Books,Fiction,4,£48.09,Digital Wallet,North,£192.36
O0248,C246,24/10/2024,Electronics,Laptop,4,£493.24,Credit Card,East,"£1,972.96"
O0249,C161,15/08/2024,Home & Kitchen,Cookware Set,3,£272.69,Bank Transfer,South,£818.07
O0250,C220,25/10/2024,Clothing,Jacket,1,£408.76,Bank Transfer,South,£408.76
O0251,C046,29/06/2025,Clothing,T-Shirt,4,£89.68,Credit Card,West,£358.72
O0252,C082,01/03/2025,Toys,Action Figure,3,£413.04,PayPal,West,"£1,239.12"
O0253,C047,23/08/2024,Toys,Puzzle,3,£365.60,PayPal,West,"£1,096.80"
O0254,C056,26/08/2024,Home & Kitchen,Cookware Set,1,£214.94,Digital Wallet,North,£214.94
O0255,C109,04/05/2025,Books,Non-fiction,2,£434.37,PayPal,North,£868.74
O0256,C033,28/01/2025,Books,Non-fiction,1,£22.92,Digital Wallet,West,£22.92
O0257,C224,05/06/2025,Home & Kitchen,Cookware Set,2,£407.17,Digital Wallet,South,£814.34
O0258,C085,19/08/2024,Books,Non-fiction,3,£83.70,Credit Card,South,£251.10
O0259,C086,15/05/2025,Books,Comics,2,£196.64,Digital Wallet,East,£393.28
O0260,C205,15/02/2025,Home & Kitchen,Blender,3,£422.64,Bank Transfer,East,"£1,267.92"
O0261,C099,17/05/2025,Electronics,Headphones,1,£239.66,Credit Card,West,£239.66
O0262,C240,10/09/2024,Home & Kitchen,Blender,3,£143.97,Digital Wallet,South,£431.91
O0263,C209,11/09/2024,Clothing,Jacket,3,£433.71,Digital Wallet,South,"£1,301.13"
O0264,C102,06/04/2025,Electronics,Headphones,1,£499.86,Credit Card,East,£499.86
O0265,C229,24/01/2025,Books,Fiction,3,£282.16,Digital Wallet,South,£846.48
O0266,C202,22/02/2025,Electronics,Laptop,1,£472.94,Digital Wallet,West,£472.94
O0267,C078,26/09/2024,Clothing,T-Shirt,3,£131.20,PayPal,East,£393.60
O0268,C051,03/11/2024,Toys,Action Figure,1,£73.29,Digital Wallet,South,£73.29
O0269,C190,13/02/2025,Home & Kitchen,Cookware Set,1,£307.03,Digital Wallet,East,£307.03
O0270,C032,27/06/2025,Electronics,Laptop,1,£339.13,Credit Card,South,£339.13
O0271,C072,16/03/2025,Clothing,Jacket,2,£185.50,Bank Transfer,East,£371.00
O0272,C162,04/01/2025,Electronics,Laptop,3,£339.07,Credit Card,East,"£1,017.21"
O0273,C123,14/10/2024,Toys,Puzzle,2,£388.44,Bank Transfer,East,£776.88
O0274,C054,19/07/2025,Home & Kitchen,Vacuum Cleaner,2,£427.57,Bank Transfer,East,£855.14
O0275,C222,18/02/2025,Electronics,Headphones,4,£284.86,PayPal,West,"£1,139.44"
O0276,C112,13/05/2025,Electronics,Headphones,3,£207.71,Digital Wallet,South,£623.13
O0277,C207,03/05/2025,Electronics,Headphones,3,£24.10,Bank Transfer,East,£72.30
O0278,C066,17/04/2025,Books,Fiction,1,£313.95,PayPal,North,£313.95
O0279,C166,10/10/2024,Electronics,Laptop,3,£114.35,Bank Transfer,North,£343.05
O0280,C038,26/04/2025,Electronics,Phone,4,£17.13,PayPal,West,£68.52
O0281,C030,22/11/2024,Books,Non-fiction,2,£299.06,Bank Transfer,South,£598.12
O0282,C191,25/12/2024,Books,Comics,3,£224.36,Credit Card,West,£673.08
O0283,C166,10/04/2025,Toys,Board Game,2,£180.65,Digital Wallet,North,£361.30
O0284,C030,02/04/2025,Home & Kitchen,Blender,1,£393.99,Bank Transfer,West,£393.99
O0285,C081,16/12/2024,Clothing,Jeans,3,£266.57,Credit Card,East,£799.71
O0286,C138,10/01/2025,Toys,Action Figure,1,£400.27,Digital Wallet,North,£400.27
O0287,C017,08/07/2025,Books,Non-fiction,4,£422.62,PayPal,North,"£1,690.48"
O0288,C069,10/02/2025,Books,Fiction,4,£42.46,PayPal,North,£169.84
O0289,C194,15/01/2025,Electronics,Laptop,2,£314.19,PayPal,South,£628.38
O0290,C043,08/09/2024,Toys,Puzzle,1,£112.47,Credit Card,South,£112.47
O0291,C111,28/10/2024,Toys,Puzzle,4,£177.37,PayPal,East,£709.48
O0292,C080,19/10/2024,Clothing,Jacket,1,£235.46,Credit Card,East,£235.46
O0293,C144,17/08/2024,Clothing,T-Shirt,3,£206.15,Digital Wallet,South,£618.45
O0294,C132,02/12/2024,Electronics,Headphones,4,£98.23,Credit Card,South,£392.92
O0295,C096,01/08/2024,Electronics,Laptop,4,£211.71,PayPal,East,£846.84
O0296,C160,09/03/2025,Electronics,Phone,3,£262.47,Digital Wallet,North,£787.41
O0297,C051,24/02/2025,Clothing,Jacket,2,£304.95,Bank Transfer,North,£609.90
O0298,C210,21/10/2024,Electronics,Laptop,3,£412.68,Bank Transfer,East,"£1,238.04"
O0299,C022,09/03/2025,Toys,Action Figure,4,£180.33,Credit Card,West,£721.32
O0300,C133,17/10/2024,Toys,Puzzle,1,£278.87,Credit Card,East,£278.87
O0301,C046,26/07/2024,Books,Comics,1,£184.44,Credit Card,North,£184.44
O0302,C218,20/08/2024,Books,Non-fiction,2,£73.09,Bank Transfer,North,£146.18
O0303,C026,24/04/2025,Books,Comics,1,£167.58,Bank Transfer,North,£167.58
O0304,C214,26/03/2025,Electronics,Laptop,1,£245.76,PayPal,North,£245.76
O0305,C107,15/08/2024,Clothing,Jeans,3,£260.71,Digital Wallet,West,£782.13
O0306,C081,20/10/2024,Toys,Action Figure,3,£194.87,Digital Wallet,West,£584.61
O0307,C008,19/08/2024,Toys,Action Figure,2,£435.47,Bank Transfer,North,£870.94
O0308,C180,10/07/2025,Electronics,Headphones,1,£302.67,PayPal,West,£302.67
O0309,C056,05/08/2024,Books,Fiction,3,£272.93,Bank Transfer,East,£818.79
O0310,C028,22/06/2025,Books,Non-fiction,2,£125.70,Bank Transfer,North,£251.40
O0311,C130,29/11/2024,Home & Kitchen,Cookware Set,3,£270.32,Digital Wallet,East,£810.96
O0312,C187,20/08/2024,Home & Kitchen,Blender,1,£40.55,Bank Transfer,North,£40.55
O0313,C003,08/02/2025,Electronics,Phone,4,£75.23,Credit Card,West,£300.92
O0314,C107,24/10/2024,Electronics,Headphones,3,£423.78,Digital Wallet,South,"£1,271.34"
O0315,C018,09/11/2024,Toys,Puzzle,3,£24.93,Digital Wallet,North,£74.79
O0316,C115,09/04/2025,Books,Non-fiction,2,£183.53,Bank Transfer,North,£367.06
O0317,C119,28/01/2025,Home & Kitchen,Vacuum Cleaner,3,£61.39,Digital Wallet,East,£184.17
O0318,C039,15/10/2024,Electronics,Headphones,1,£99.32,PayPal,South,£99.32
O0319,C086,18/02/2025,Books,Fiction,1,£421.95,Credit Card,East,£421.95
O0320,C025,13/09/2024,Toys,Board Game,2,£272.31,Credit Card,East,£544.62
O0321,C025,30/04/2025,Toys,Puzzle,1,£178.03,Bank Transfer,North,£178.03
O0322,C233,22/07/2025,Toys,Action Figure,4,£184.00,Digital Wallet,North,£736.00
O0323,C228,01/07/2025,Clothing,Jeans,1,£245.00,Digital Wallet,East,£245.00
O0324,C111,02/03/2025,Home & Kitchen,Blender,3,£371.04,PayPal,South,"£1,113.12"
O0325,C236,04/03/2025,Toys,Action Figure,4,£297.40,Bank Transfer,North,"£1,189.60"
O0326,C101,23/01/2025,Clothing,Jacket,3,£195.60,Credit Card,North,£586.80
O0327,C064,26/10/2024,Toys,Puzzle,2,£450.83,Bank Transfer,West,£901.66
O0328,C059,24/05/2025,Books,Non-fiction,2,£129.73,PayPal,East,£259.46
O0329,C121,23/01/2025,Home & Kitchen,Vacuum Cleaner,1,£171.87,Digital Wallet,North,£171.87
O0330,C021,02/06/2025,Electronics,Phone,1,£13.69,PayPal,North,£13.69
O0331,C112,29/12/2024,Electronics,Laptop,2,£189.02,Bank Transfer,West,£378.04
O0332,C190,05/10/2024,Books,Comics,4,£426.90,Bank Transfer,West,"£1,707.60"
O0333,C152,29/08/2024,Home & Kitchen,Blender,2,£404.87,Credit Card,East,£809.74
O0334,C131,30/08/2024,Books,Fiction,3,£422.73,Digital Wallet,West,"£1,268.19"
O0335,C229,05/04/2025,Toys,Action Figure,3,£18.94,Digital Wallet,North,£56.82
O0336,C006,07/01/2025,Clothing,Jeans,4,£498.66,Credit Card,North,"£1,994.64"
O0337,C075,08/12/2024,Clothing,Jeans,2,£292.24,PayPal,South,£584.48
O0338,C118,04/01/2025,Home & Kitchen,Cookware Set,4,£12.60,Digital Wallet,North,£50.40
O0339,C230,30/12/2024,Electronics,Laptop,1,£250.47,Bank Transfer,South,£250.47
O0340,C194,21/01/2025,Clothing,Jeans,3,£412.22,PayPal,East,"£1,236.66"
O0341,C026,24/06/2025,Electronics,Laptop,3,£272.17,Credit Card,West,£816.51
O0342,C133,03/05/2025,Electronics,Laptop,3,£420.91,Credit Card,East,"£1,262.73"
O0343,C068,14/08/2024,Toys,Board Game,2,£484.32,Bank Transfer,West,£968.64
O0344,C020,11/04/2025,Home & Kitchen,Blender,3,£107.76,Bank Transfer,North,£323.28
O0345,C001,03/04/2025,Home & Kitchen,Blender,1,£269.62,Bank Transfer,East,£269.62
O0346,C038,31/03/2025,Electronics,Laptop,2,£386.21,Credit Card,South,£772.42
O0347,C100,31/08/2024,Books,Comics,1,£257.99,Bank Transfer,North,£257.99
O0348,C161,16/08/2024,Books,Non-fiction,1,£270.97,Digital Wallet,South,£270.97
O0349,C010,27/12/2024,Home & Kitchen,Blender,2,£174.94,Credit Card,North,£349.88
O0350,C172,02/05/2025,Toys,Action Figure,1,£41.05,PayPal,East,£41.05
O0351,C130,02/12/2024,Home & Kitchen,Vacuum Cleaner,2,£167.95,PayPal,South,£335.90
O0352,C101,30/05/2025,Electronics,Phone,4,£134.77,Digital Wallet,South,£539.08
O0353,C203,23/06/2025,Clothing,Jacket,1,£382.51,PayPal,North,£382.51
O0354,C247,04/09/2024,Clothing,Jacket,3,£241.07,Bank Transfer,West,£723.21
O0355,C049,28/10/2024,Toys,Action Figure,3,£180.95,Bank Transfer,East,£542.85
O0356,C236,06/10/2024,Home & Kitchen,Blender,1,£417.00,Bank Transfer,North,£417.00
O0357,C120,05/10/2024,Books,Non-fiction,2,£70.91,Digital Wallet,East,£141.82
O0358,C076,17/02/2025,Toys,Puzzle,3,£469.79,Digital Wallet,North,"£1,409.37"
O0359,C040,14/01/2025,Home & Kitchen,Cookware Set,3,£42.58,Bank Transfer,North,£127.74
O0360,C064,16/09/2024,Electronics,Laptop,4,£291.49,Digital Wallet,North,"£1,165.96"
O0361,C105,03/01/2025,Electronics,Headphones,1,£78.49,Bank Transfer,West,£78.49
O0362,C030,03/10/2024,Toys,Action Figure,1,£108.80,Credit Card,West,£108.80
O0363,C005,09/11/2024,Toys,Action Figure,3,£90.49,PayPal,East,£271.47
O0364,C154,19/01/2025,Toys,Board Game,3,£335.95,PayPal,North,"£1,007.85"
O0365,C237,29/10/2024,Books,Fiction,2,£185.83,Digital Wallet,North,£371.66
O0366,C040,28/06/2025,Toys,Action Figure,2,£202.30,PayPal,North,£404.60
O0367,C014,17/07/2025,Clothing,Jacket,4,£225.18,Bank Transfer,West,£900.72
O0368,C166,22/08/2024,Toys,Action Figure,4,£236.71,PayPal,East,£946.84
O0369,C143,12/01/2025,Home & Kitchen,Cookware Set,1,£376.33,Bank Transfer,West,£376.33
O0370,C225,02/06/2025,Home & Kitchen,Vacuum Cleaner,1,£123.78,Credit Card,East,£123.78
O0371,C206,23/06/2025,Electronics,Laptop,3,£198.11,Credit Card,West,£594.33
O0372,C179,21/06/2025,Home & Kitchen,Cookware Set,1,£454.17,PayPal,East,£454.17
O0373,C134,22/02/2025,Electronics,Headphones,3,£67.28,PayPal,East,£201.84
O0374,C200,31/08/2024,Home & Kitchen,Vacuum Cleaner,3,£317.58,Bank Transfer,South,£952.74
O0375,C015,12/08/2024,Toys,Action Figure,2,£78.24,Credit Card,East,£156.48
O0376,C244,03/04/2025,Toys,Board Game,3,£313.84,Digital Wallet,South,£941.52
O0377,C164,18/02/2025,Toys,Puzzle,2,£448.01,Bank Transfer,East,£896.02
O0378,C097,13/06/2025,Electronics,Laptop,1,£84.32,Digital Wallet,South,£84.32
O0379,C183,29/07/2024,Clothing,Jeans,1,£131.76,Bank Transfer,South,£131.76
O0380,C086,29/08/2024,Clothing,T-Shirt,1,£26.43,PayPal,North,£26.43
O0381,C123,18/07/2025,Home & Kitchen,Blender,2,£383.60,Credit Card,East,£767.20
O0382,C038,12/05/2025,Toys,Puzzle,2,£177.62,Bank Transfer,South,£355.24
O0383,C228,18/06/2025,Clothing,T-Shirt,1,£64.21,PayPal,West,£64.21
O0384,C184,23/10/2024,Electronics,Laptop,1,£72.47,Digital Wallet,South,£72.47
O0385,C005,26/09/2024,Books,Comics,3,£400.67,Digital Wallet,West,"£1,202.01"
O0386,C076,28/12/2024,Clothing,Jacket,1,£122.33,PayPal,East,£122.33
O0387,C095,28/01/2025,Books,Fiction,1,£362.82,Digital Wallet,West,£362.82
O0388,C036,26/01/2025,Books,Non-fiction,3,£350.03,Bank Transfer,West,"£1,050.09"
O0389,C069,15/10/2024,Clothing,T-Shirt,2,£133.38,PayPal,East,£266.76
O0390,C074,24/06/2025,Electronics,Headphones,4,£98.98,Bank Transfer,East,£395.92
O0391,C200,26/12/2024,Toys,Puzzle,4,£295.86,Credit Card,East,"£1,183.44"
O0392,C046,09/07/2025,Electronics,Phone,3,£236.38,Digital Wallet,West,£709.14
O0393,C141,15/08/2024,Toys,Puzzle,3,£85.14,Bank Transfer,North,£255.42
O0394,C217,25/09/2024,Clothing,Jeans,4,£257.89,Digital Wallet,North,"£1,031.56"
O0395,C060,18/12/2024,Books,Fiction,1,£18.87,Bank Transfer,East,£18.87
O0396,C100,24/07/2024,Clothing,Jeans,3,£466.74,Credit Card,East,"£1,400.22"
O0397,C120,22/12/2024,Clothing,T-Shirt,4,£351.36,Digital Wallet,North,"£1,405.44"
O0398,C106,03/11/2024,Home & Kitchen,Blender,1,£356.55,PayPal,North,£356.55
O0399,C122,18/07/2025,Home & Kitchen,Cookware Set,1,£292.38,PayPal,West,£292.38
O0400,C029,24/05/2025,Books,Comics,1,£217.82,Credit Card,North,£217.82
O0401,C214,24/05/2025,Electronics,Laptop,2,£467.84,PayPal,South,£935.68
O0402,C046,16/01/2025,Toys,Action Figure,3,£230.91,Bank Transfer,North,£692.73
O0403,C110,11/11/2024,Home & Kitchen,Blender,1,£492.57,Digital Wallet,North,£492.57
O0404,C057,04/01/2025,Electronics,Phone,4,£71.08,Bank Transfer,West,£284.32
O0405,C055,20/04/2025,Electronics,Phone,1,£436.25,Bank Transfer,North,£436.25
O0406,C149,03/05/2025,Toys,Action Figure,3,£299.72,PayPal,South,£899.16
O0407,C137,24/05/2025,Home & Kitchen,Cookware Set,3,£36.83,Credit Card,East,£110.49
O0408,C117,24/02/2025,Clothing,Jacket,2,£403.40,Bank Transfer,South,£806.80
O0409,C063,07/04/2025,Electronics,Headphones,2,£173.41,Digital Wallet,North,£346.82
O0410,C075,29/04/2025,Toys,Action Figure,4,£273.32,Credit Card,West,"£1,093.28"
O0411,C210,29/01/2025,Books,Fiction,2,£179.71,Bank Transfer,East,£359.42
O0412,C017,22/09/2024,Home & Kitchen,Vacuum Cleaner,3,£371.38,Credit Card,East,"£1,114.14"
O0413,C108,05/10/2024,Electronics,Laptop,4,£120.06,PayPal,North,£480.24
O0414,C152,16/11/2024,Toys,Action Figure,3,£79.02,Digital Wallet,South,£237.06
O0415,C198,16/10/2024,Electronics,Laptop,1,£254.20,Digital Wallet,South,£254.20
O0416,C177,15/08/2024,Books,Comics,1,£458.27,Bank Transfer,South,£458.27
O0417,C150,05/03/2025,Clothing,T-Shirt,1,£294.49,Bank Transfer,North,£294.49
O0418,C213,05/05/2025,Home & Kitchen,Blender,2,£16.42,Credit Card,South,£32.84
O0419,C084,19/02/2025,Electronics,Laptop,1,£97.24,Digital Wallet,West,£97.24
O0420,C118,16/08/2024,Toys,Board Game,1,£82.84,Digital Wallet,North,£82.84
O0421,C189,10/05/2025,Clothing,Jeans,2,£51.82,Digital Wallet,North,£103.64
O0422,C001,22/11/2024,Home & Kitchen,Cookware Set,4,£256.08,Credit Card,East,"£1,024.32"
O0423,C215,15/08/2024,Books,Non-fiction,4,£42.87,Bank Transfer,West,£171.48
O0424,C211,12/08/2024,Home & Kitchen,Blender,3,£112.85,Bank Transfer,West,£338.55
O0425,C029,07/03/2025,Home & Kitchen,Vacuum Cleaner,2,£110.52,Digital Wallet,North,£221.04
O0426,C030,25/01/2025,Books,Fiction,1,£27.91,Bank Transfer,South,£27.91
O0427,C018,04/02/2025,Toys,Board Game,4,£286.77,Digital Wallet,North,"£1,147.08"
O0428,C175,16/07/2025,Electronics,Laptop,1,£390.01,Digital Wallet,East,£390.01
O0429,C220,20/06/2025,Books,Comics,2,£266.95,Bank Transfer,South,£533.90
O0430,C166,15/02/2025,Books,Non-fiction,1,£206.37,Bank Transfer,North,£206.37
O0431,C129,23/09/2024,Home & Kitchen,Vacuum Cleaner,3,£86.07,Bank Transfer,East,£258.21
O0432,C103,15/08/2024,Electronics,Phone,4,£432.27,Bank Transfer,East,"£1,729.08"
O0433,C202,06/02/2025,Toys,Action Figure,3,£192.92,PayPal,North,£578.76
O0434,C124,24/08/2024,Clothing,Jacket,3,£325.56,Bank Transfer,North,£976.68
O0435,C220,19/06/2025,Clothing,T-Shirt,1,£22.44,PayPal,East,£22.44
O0436,C093,04/10/2024,Home & Kitchen,Cookware Set,4,£360.83,Credit Card,South,"£1,443.32"
O0437,C247,19/08/2024,Books,Non-fiction,4,£23.28,Digital Wallet,West,£93.12
O0438,C187,12/03/2025,Electronics,Headphones,3,£123.23,PayPal,East,£369.69
O0439,C054,19/08/2024,Books,Non-fiction,3,£19.66,Digital Wallet,South,£58.98
O0440,C067,12/04/2025,Electronics,Phone,1,£401.96,PayPal,West,£401.96
O0441,C239,23/06/2025,Toys,Board Game,3,£329.85,Credit Card,East,£989.55
O0442,C096,23/10/2024,Home & Kitchen,Vacuum Cleaner,4,£58.73,Bank Transfer,South,£234.92
O0443,C120,27/12/2024,Toys,Board Game,4,£363.91,Bank Transfer,South,"£1,455.64"
O0444,C196,08/09/2024,Electronics,Phone,2,£416.81,Credit Card,West,£833.62
O0445,C213,24/07/2025,Clothing,Jacket,4,£337.36,Bank Transfer,North,"£1,349.44"
O0446,C176,04/07/2025,Home & Kitchen,Vacuum Cleaner,2,£153.64,Digital Wallet,North,£307.28
O0447,C007,02/03/2025,Toys,Action Figure,2,£16.37,Digital Wallet,East,£32.74
O0448,C147,27/10/2024,Clothing,Jacket,1,£111.86,PayPal,East,£111.86
O0449,C036,05/03/2025,Toys,Puzzle,4,£98.90,Credit Card,South,£395.60
O0450,C002,11/03/2025,Clothing,T-Shirt,1,£216.50,Bank Transfer,North,£216.50
O0451,C148,08/08/2024,Home & Kitchen,Vacuum Cleaner,1,£410.55,Digital Wallet,West,£410.55
O0452,C130,21/03/2025,Toys,Puzzle,3,£137.12,Credit Card,North,£411.36
O0453,C140,24/08/2024,Home & Kitchen,Cookware Set,3,£299.24,Bank Transfer,West,£897.72
O0454,C166,02/01/2025,Books,Comics,4,£315.83,Credit Card,South,"£1,263.32"
O0455,C226,05/04/2025,Home & Kitchen,Vacuum Cleaner,4,£280.50,Credit Card,West,"£1,122.00"
O0456,C244,07/03/2025,Books,Comics,1,£154.29,Digital Wallet,South,£154.29
O0457,C024,28/02/2025,Toys,Action Figure,2,£384.17,PayPal,South,£768.34
O0458,C120,12/02/2025,Books,Comics,1,£435.55,Credit Card,North,£435.55
O0459,C128,23/11/2024,Toys,Puzzle,3,£448.33,Digital Wallet,South,"£1,344.99"
O0460,C115,22/07/2025,Clothing,Jeans,4,£218.35,PayPal,East,£873.40
O0461,C040,02/11/2024,Toys,Board Game,1,£141.65,Credit Card,East,£141.65
O0462,C103,11/10/2024,Clothing,Jacket,2,£320.40,Digital Wallet,South,£640.80
O0463,C235,10/04/2025,Home & Kitchen,Vacuum Cleaner,1,£78.28,Credit Card,South,£78.28
O0464,C186,28/04/2025,Toys,Action Figure,2,£492.36,PayPal,South,£984.72
O0465,C215,23/11/2024,Toys,Action Figure,1,£94.12,Digital Wallet,North,£94.12
O0466,C146,24/10/2024,Electronics,Phone,1,£19.01,Credit Card,East,£19.01
O0467,C100,04/11/2024,Clothing,Jacket,4,£67.70,Bank Transfer,North,£270.80
O0468,C017,24/12/2024,Books,Comics,1,£144.29,Digital Wallet,East,£144.29
O0469,C122,12/09/2024,Books,Fiction,1,£329.20,Bank Transfer,East,£329.20
O0470,C106,10/04/2025,Books,Fiction,4,£111.15,Credit Card,South,£444.60
O0471,C057,31/03/2025,Books,Non-fiction,2,£77.07,Bank Transfer,West,£154.14
O0472,C168,17/11/2024,Clothing,Jeans,3,£438.21,PayPal,East,"£1,314.63"
O0473,C249,17/01/2025,Home & Kitchen,Vacuum Cleaner,2,£304.25,Digital Wallet,West,£608.50
O0474,C173,23/11/2024,Clothing,Jeans,1,£95.93,Credit Card,East,£95.93
O0475,C220,19/07/2025,Clothing,Jeans,1,£215.20,Credit Card,East,£215.20
O0476,C064,11/05/2025,Books,Fiction,2,£264.27,PayPal,North,£528.54
O0477,C107,22/07/2025,Electronics,Laptop,2,£91.48,Bank Transfer,West,£182.96
O0478,C036,21/08/2024,Clothing,T-Shirt,1,£50.57,Digital Wallet,East,£50.57
O0479,C149,27/07/2024,Clothing,T-Shirt,3,£130.22,Bank Transfer,West,£390.66
O0480,C164,17/01/2025,Books,Non-fiction,3,£151.46,Bank Transfer,North,£454.38
O0481,C232,22/03/2025,Electronics,Laptop,1,£363.55,Bank Transfer,South,£363.55
O0482,C055,27/02/2025,Clothing,Jacket,3,£475.16,Digital Wallet,North,"£1,425.48"
O0483,C150,31/08/2024,Electronics,Laptop,3,£477.50,Bank Transfer,West,"£1,432.50"
O0484,C036,21/08/2024,Home & Kitchen,Vacuum Cleaner,1,£247.04,Credit Card,North,£247.04
O0485,C227,17/02/2025,Books,Fiction,3,£138.51,Digital Wallet,East,£415.53
O0486,C190,14/10/2024,Books,Non-fiction,4,£35.20,Credit Card,West,£140.80
O0487,C226,05/02/2025,Electronics,Headphones,3,£302.45,PayPal,East,£907.35
O0488,C245,03/11/2024,Toys,Board Game,1,£387.75,Credit Card,West,£387.75
O0489,C017,13/09/2024,Toys,Board Game,1,£46.82,Digital Wallet,North,£46.82
O0490,C171,21/07/2025,Clothing,T-Shirt,1,£252.79,Bank Transfer,East,£252.79
O0491,C039,06/12/2024,Home & Kitchen,Vacuum Cleaner,4,£223.07,Digital Wallet,South,£892.28
O0492,C229,01/07/2025,Clothing,Jacket,3,£411.36,Bank Transfer,North,"£1,234.08"
O0493,C222,19/08/2024,Electronics,Phone,4,£350.40,PayPal,East,"£1,401.60"
O0494,C019,30/06/2025,Books,Comics,2,£299.21,Bank Transfer,South,£598.42
O0495,C049,26/10/2024,Toys,Action Figure,1,£54.88,PayPal,East,£54.88
O0496,C057,14/12/2024,Toys,Board Game,1,£397.11,PayPal,West,£397.11
O0497,C012,11/11/2024,Toys,Action Figure,3,£265.44,Digital Wallet,East,£796.32
O0498,C083,23/09/2024,Toys,Action Figure,2,£479.50,Bank Transfer,East,£959.00
O0499,C081,10/01/2025,Books,Fiction,4,£323.09,Digital Wallet,East,"£1,292.36"
O0500,C208,12/06/2025,Electronics,Laptop,3,£364.81,Digital Wallet,North,"£1,094.43"
O0501,C210,19/02/2025,Toys,Board Game,2,£490.48,Digital Wallet,South,£980.96
O0502,C059,23/04/2025,Electronics,Headphones,1,£326.87,Bank Transfer,South,£326.87
O0503,C026,18/11/2024,Toys,Action Figure,2,£35.28,Bank Transfer,South,£70.56
O0504,C016,18/03/2025,Clothing,T-Shirt,3,£31.64,Credit Card,South,£94.92
O0505,C026,02/06/2025,Electronics,Laptop,3,£499.68,Digital Wallet,West,"£1,499.04"
O0506,C135,03/04/2025,Clothing,Jeans,1,£241.87,PayPal,West,£241.87
O0507,C007,14/02/2025,Toys,Action Figure,2,£69.06,Bank Transfer,North,£138.12
O0508,C072,27/07/2024,Clothing,Jacket,1,£104.37,PayPal,East,£104.37
O0509,C221,09/04/2025,Books,Comics,2,£216.66,Bank Transfer,East,£433.32
O0510,C116,06/06/2025,Clothing,Jeans,2,£375.08,Digital Wallet,East,£750.16
O0511,C187,24/02/2025,Home & Kitchen,Vacuum Cleaner,3,£233.02,Bank Transfer,South,£699.06
O0512,C014,17/11/2024,Clothing,Jeans,2,£325.83,Digital Wallet,South,£651.66
O0513,C108,20/07/2025,Home & Kitchen,Cookware Set,3,£188.70,PayPal,West,£566.10
O0514,C131,07/04/2025,Home & Kitchen,Cookware Set,4,£245.72,Digital Wallet,East,£982.88
O0515,C218,02/09/2024,Home & Kitchen,Blender,1,£269.83,Bank Transfer,West,£269.83
O0516,C039,23/07/2025,Home & Kitchen,Blender,3,£208.20,Digital Wallet,North,£624.60
O0517,C004,30/06/2025,Home & Kitchen,Vacuum Cleaner,3,£403.95,Credit Card,East,"£1,211.85"
O0518,C141,14/09/2024,Books,Comics,1,£334.21,Digital Wallet,West,£334.21
O0519,C237,03/11/2024,Clothing,T-Shirt,2,£264.88,Digital Wallet,East,£529.76
O0520,C194,06/09/2024,Clothing,T-Shirt,2,£439.57,PayPal,South,£879.14
O0521,C034,04/07/2025,Electronics,Headphones,3,£236.35,PayPal,South,£709.05
O0522,C013,03/09/2024,Electronics,Phone,2,£10.12,Bank Transfer,East,£20.24
O0523,C096,08/05/2025,Books,Fiction,1,£198.14,PayPal,North,£198.14
O0524,C046,23/02/2025,Toys,Puzzle,3,£44.31,Bank Transfer,West,£132.93
O0525,C241,22/09/2024,Books,Comics,4,£35.82,PayPal,East,£143.28
O0526,C236,06/11/2024,Home & Kitchen,Cookware Set,1,£28.42,Credit Card,North,£28.42
O0527,C236,10/11/2024,Toys,Puzzle,1,£294.57,Credit Card,South,£294.57
O0528,C158,15/03/2025,Books,Fiction,3,£205.16,Credit Card,West,£615.48
O0529,C084,13/10/2024,Books,Fiction,1,£174.82,Digital Wallet,North,£174.82
O0530,C177,28/04/2025,Electronics,Laptop,1,£368.81,Credit Card,East,£368.81
O0531,C120,04/12/2024,Home & Kitchen,Cookware Set,3,£238.98,Bank Transfer,South,£716.94
O0532,C146,11/10/2024,Toys,Board Game,2,£427.88,Digital Wallet,South,£855.76
O0533,C176,16/04/2025,Electronics,Laptop,2,£298.66,PayPal,West,£597.32
O0534,C207,27/03/2025,Home & Kitchen,Vacuum Cleaner,1,£456.07,PayPal,North,£456.07
O0535,C121,20/06/2025,Home & Kitchen,Cookware Set,1,£63.64,PayPal,South,£63.64
O0536,C187,03/11/2024,Toys,Action Figure,4,£70.97,Bank Transfer,West,£283.88
O0537,C229,05/02/2025,Toys,Board Game,2,£401.01,Credit Card,West,£802.02
O0538,C039,29/01/2025,Electronics,Phone,3,£298.39,PayPal,West,£895.17
O0539,C088,29/10/2024,Home & Kitchen,Blender,4,£443.26,Credit Card,East,"£1,773.04"
O0540,C226,10/07/2025,Books,Fiction,3,£452.82,Bank Transfer,East,"£1,358.46"
O0541,C004,11/07/2025,Home & Kitchen,Cookware Set,1,£374.24,Credit Card,East,£374.24
O0542,C093,17/06/2025,Home & Kitchen,Vacuum Cleaner,3,£206.77,PayPal,North,£620.31
O0543,C243,12/08/2024,Electronics,Laptop,3,£122.98,Digital Wallet,South,£368.94
O0544,C107,28/08/2024,Books,Comics,1,£68.97,Digital Wallet,North,£68.97
O0545,C169,27/03/2025,Home & Kitchen,Cookware Set,2,£198.20,PayPal,South,£396.40
O0546,C120,04/01/2025,Clothing,Jeans,1,£479.06,PayPal,West,£479.06
O0547,C054,11/06/2025,Toys,Board Game,2,£402.38,Bank Transfer,West,£804.76
O0548,C009,08/11/2024,Toys,Action Figure,3,£116.00,PayPal,South,£348.00
O0549,C241,10/08/2024,Toys,Puzzle,3,£302.66,Bank Transfer,East,£907.98
O0550,C163,25/07/2024,Electronics,Headphones,1,£137.51,Credit Card,North,£137.51
O0551,C145,30/11/2024,Toys,Action Figure,2,£250.68,PayPal,South,£501.36
O0552,C227,19/05/2025,Clothing,Jeans,4,£449.74,Bank Transfer,North,"£1,798.96"
O0553,C125,12/09/2024,Clothing,Jacket,2,£315.24,Bank Transfer,North,£630.48
O0554,C068,28/03/2025,Toys,Board Game,3,£27.08,Credit Card,West,£81.24
O0555,C011,02/11/2024,Clothing,Jacket,2,£431.46,Bank Transfer,West,£862.92
O0556,C123,24/09/2024,Toys,Puzzle,1,£201.67,Bank Transfer,East,£201.67
O0557,C195,07/05/2025,Electronics,Laptop,4,£243.57,Digital Wallet,North,£974.28
O0558,C170,11/01/2025,Clothing,Jacket,1,£427.57,Credit Card,North,£427.57
O0559,C025,23/02/2025,Books,Non-fiction,1,£171.24,Credit Card,North,£171.24
O0560,C226,24/04/2025,Electronics,Laptop,1,£370.25,Credit Card,East,£370.25
O0561,C038,06/01/2025,Books,Fiction,4,£133.80,PayPal,West,£535.20
O0562,C176,26/02/2025,Home & Kitchen,Cookware Set,4,£350.90,Bank Transfer,West,"£1,403.60"
O0563,C037,27/07/2024,Books,Fiction,2,£270.98,PayPal,East,£541.96
O0564,C028,05/09/2024,Electronics,Phone,4,£63.64,Bank Transfer,South,£254.56
O0565,C114,22/08/2024,Clothing,T-Shirt,1,£495.82,Credit Card,East,£495.82
O0566,C062,01/07/2025,Books,Comics,4,£442.62,Bank Transfer,West,"£1,770.48"
O0567,C067,18/04/2025,Clothing,T-Shirt,1,£454.19,Bank Transfer,East,£454.19
O0568,C040,10/07/2025,Clothing,Jeans,4,£334.43,PayPal,North,"£1,337.72"
O0569,C033,19/09/2024,Electronics,Headphones,3,£433.60,Bank Transfer,North,"£1,300.80"
O0570,C080,20/02/2025,Clothing,T-Shirt,2,£265.42,Credit Card,North,£530.84
O0571,C059,06/08/2024,Toys,Puzzle,4,£130.19,Bank Transfer,North,£520.76
O0572,C013,13/06/2025,Clothing,Jacket,3,£88.60,Credit Card,West,£265.80
O0573,C181,14/12/2024,Books,Fiction,3,£126.96,PayPal,North,£380.88
O0574,C155,07/03/2025,Clothing,Jacket,2,£61.86,Digital Wallet,South,£123.72
O0575,C133,23/02/2025,Toys,Board Game,2,£102.72,Digital Wallet,South,£205.44
O0576,C249,19/09/2024,Home & Kitchen,Blender,3,£481.04,PayPal,West,"£1,443.12"
O0577,C170,06/01/2025,Home & Kitchen,Cookware Set,3,£440.75,Credit Card,South,"£1,322.25"
O0578,C181,11/09/2024,Books,Comics,2,£411.77,Bank Transfer,North,£823.54
O0579,C082,09/08/2024,Home & Kitchen,Vacuum Cleaner,2,£455.26,Bank Transfer,East,£910.52
O0580,C077,20/11/2024,Books,Non-fiction,4,£282.53,PayPal,East,"£1,130.12"
O0581,C194,12/12/2024,Books,Fiction,1,£136.76,Bank Transfer,South,£136.76
O0582,C155,08/07/2025,Clothing,Jeans,4,£51.21,PayPal,West,£204.84
O0583,C104,21/07/2025,Electronics,Headphones,1,£284.32,Bank Transfer,West,£284.32
O0584,C192,29/05/2025,Toys,Action Figure,3,£194.58,PayPal,West,£583.74
O0585,C240,23/06/2025,Clothing,Jeans,4,£411.15,PayPal,East,"£1,644.60"
O0586,C199,08/08/2024,Electronics,Laptop,2,£148.84,Digital Wallet,North,£297.68
O0587,C226,08/07/2025,Toys,Action Figure,2,£221.80,PayPal,North,£443.60
O0588,C079,09/12/2024,Home & Kitchen,Cookware Set,3,£202.15,Credit Card,North,£606.45
O0589,C022,13/10/2024,Clothing,Jacket,2,£379.31,PayPal,West,£758.62
O0590,C228,14/04/2025,Clothing,Jeans,4,£95.14,Digital Wallet,North,£380.56
O0591,C192,28/10/2024,Clothing,T-Shirt,2,£474.18,Credit Card,West,£948.36
O0592,C145,09/04/2025,Clothing,Jacket,1,£387.78,PayPal,West,£387.78
O0593,C022,01/09/2024,Clothing,Jacket,2,£242.05,Digital Wallet,East,£484.10
O0594,C210,08/12/2024,Books,Non-fiction,2,£46.60,Digital Wallet,East,£93.20
O0595,C175,22/05/2025,Home & Kitchen,Cookware Set,2,£495.17,Bank Transfer,West,£990.34
O0596,C227,26/02/2025,Electronics,Headphones,1,£228.52,Bank Transfer,East,£228.52
O0597,C007,02/07/2025,Clothing,Jeans,4,£381.55,Digital Wallet,West,"£1,526.20"
O0598,C134,28/06/2025,Electronics,Headphones,1,£20.84,PayPal,South,£20.84
O0599,C179,28/12/2024,Electronics,Laptop,3,£249.44,Bank Transfer,East,£748.32
O0600,C026,22/03/2025,Clothing,T-Shirt,3,£344.81,Digital Wallet,South,"£1,034.43"
O0601,C029,11/05/2025,Books,Comics,2,£144.08,PayPal,West,£288.16
O0602,C141,22/09/2024,Toys,Action Figure,4,£218.83,Digital Wallet,East,£875.32
O0603,C119,18/07/2025,Books,Comics,1,£90.18,Bank Transfer,West,£90.18
O0604,C116,20/07/2025,Clothing,Jacket,1,£349.90,Digital Wallet,South,£349.90
O0605,C206,23/10/2024,Clothing,Jacket,4,£50.37,Bank Transfer,South,£201.48
O0606,C027,24/06/2025,Toys,Action Figure,4,£330.71,Credit Card,North,"£1,322.84"
O0607,C236,25/09/2024,Electronics,Headphones,3,£475.92,Credit Card,North,"£1,427.76"
O0608,C021,30/05/2025,Books,Fiction,4,£221.84,PayPal,North,£887.36
O0609,C187,03/06/2025,Clothing,T-Shirt,3,£215.67,PayPal,West,£647.01
O0610,C185,30/09/2024,Home & Kitchen,Blender,4,£204.82,Bank Transfer,West,£819.28
O0611,C001,01/07/2025,Electronics,Phone,1,£492.15,Bank Transfer,North,£492.15
O0612,C015,31/12/2024,Electronics,Headphones,2,£448.11,Digital Wallet,East,£896.22
O0613,C064,02/08/2024,Electronics,Headphones,2,£114.42,Bank Transfer,South,£228.84
O0614,C012,01/10/2024,Electronics,Phone,1,£329.32,PayPal,South,£329.32
O0615,C208,06/05/2025,Clothing,Jacket,2,£433.54,Digital Wallet,East,£867.08
O0616,C174,18/07/2025,Home & Kitchen,Cookware Set,3,£484.41,Credit Card,East,"£1,453.23"
O0617,C053,30/11/2024,Books,Non-fiction,1,£435.63,PayPal,South,£435.63
O0618,C174,23/05/2025,Home & Kitchen,Vacuum Cleaner,4,£387.75,Credit Card,North,"£1,551.00"
O0619,C131,20/07/2025,Electronics,Laptop,2,£382.90,Bank Transfer,West,£765.80
O0620,C181,30/12/2024,Toys,Board Game,1,£74.31,Credit Card,North,£74.31
O0621,C131,31/05/2025,Clothing,T-Shirt,4,£461.22,Bank Transfer,West,"£1,844.88"
O0622,C153,10/04/2025,Home & Kitchen,Vacuum Cleaner,4,£400.30,Credit Card,North,"£1,601.20"
O0623,C017,24/06/2025,Clothing,T-Shirt,2,£67.48,Bank Transfer,East,£134.96
O0624,C228,05/05/2025,Electronics,Phone,2,£345.93,Digital Wallet,North,£691.86
O0625,C249,03/06/2025,Clothing,Jeans,1,£108.26,Credit Card,South,£108.26
O0626,C246,28/10/2024,Toys,Puzzle,4,£41.46,Bank Transfer,North,£165.84
O0627,C088,04/11/2024,Home & Kitchen,Blender,1,£141.81,PayPal,West,£141.81
O0628,C205,23/09/2024,Toys,Board Game,4,£162.08,Bank Transfer,South,£648.32
O0629,C018,25/05/2025,Electronics,Headphones,1,£15.69,Digital Wallet,North,£15.69
O0630,C110,22/04/2025,Electronics,Laptop,2,£202.32,PayPal,North,£404.64
O0631,C032,03/09/2024,Home & Kitchen,Vacuum Cleaner,3,£304.01,Bank Transfer,East,£912.03
O0632,C033,19/12/2024,Electronics,Headphones,3,£350.54,Digital Wallet,West,"£1,051.62"
O0633,C136,27/06/2025,Books,Fiction,4,£392.13,Digital Wallet,West,"£1,568.52"
O0634,C088,08/08/2024,Books,Fiction,3,£245.45,Bank Transfer,North,£736.35
O0635,C121,22/06/2025,Toys,Board Game,1,£128.60,PayPal,North,£128.60
O0636,C080,22/01/2025,Electronics,Laptop,2,£79.82,PayPal,West,£159.64
O0637,C148,18/10/2024,Clothing,Jacket,2,£312.90,Bank Transfer,East,£625.80
O0638,C160,09/10/2024,Home & Kitchen,Blender,1,£284.23,Credit Card,North,£284.23
O0639,C002,06/06/2025,Home & Kitchen,Cookware Set,2,£169.97,Digital Wallet,East,£339.94
O0640,C205,15/07/2025,Electronics,Phone,1,£53.05,Credit Card,South,£53.05
O0641,C116,18/01/2025,Books,Non-fiction,2,£26.27,Bank Transfer,North,£52.54
O0642,C194,06/12/2024,Electronics,Phone,2,£204.49,Digital Wallet,North,£408.98
O0643,C174,19/11/2024,Toys,Action Figure,2,£288.10,Digital Wallet,West,£576.20
O0644,C226,07/06/2025,Electronics,Laptop,2,£402.29,Bank Transfer,West,£804.58
O0645,C049,28/05/2025,Electronics,Headphones,2,£92.07,PayPal,South,£184.14
O0646,C195,27/06/2025,Books,Fiction,4,£321.85,PayPal,East,"£1,287.40"
O0647,C006,20/10/2024,Home & Kitchen,Cookware Set,3,£25.48,Bank Transfer,South,£76.44
O0648,C160,18/10/2024,Electronics,Phone,1,£35.47,Bank Transfer,East,£35.47
O0649,C008,02/08/2024,Books,Non-fiction,1,£357.44,Bank Transfer,North,£357.44
O0650,C062,06/04/2025,Home & Kitchen,Cookware Set,4,£359.90,PayPal,West,"£1,439.60"
O0651,C127,07/10/2024,Toys,Action Figure,4,£176.33,PayPal,West,£705.32
O0652,C208,25/12/2024,Electronics,Phone,3,£333.80,Digital Wallet,North,"£1,001.40"
O0653,C022,28/11/2024,Books,Non-fiction,4,£302.76,Bank Transfer,East,"£1,211.04"
O0654,C127,09/11/2024,Books,Non-fiction,2,£245.64,Bank Transfer,South,£491.28
O0655,C014,24/06/2025,Home & Kitchen,Cookware Set,1,£90.36,PayPal,West,£90.36
O0656,C012,19/08/2024,Home & Kitchen,Blender,3,£365.17,Bank Transfer,East,"£1,095.51"
O0657,C025,20/05/2025,Home & Kitchen,Vacuum Cleaner,3,£328.64,Bank Transfer,South,£985.92
O0658,C147,09/11/2024,Home & Kitchen,Cookware Set,1,£311.71,Digital Wallet,West,£311.71
O0659,C173,07/12/2024,Home & Kitchen,Blender,3,£240.39,PayPal,South,£721.17
O0660,C053,30/03/2025,Toys,Puzzle,4,£437.20,Bank Transfer,South,"£1,748.80"
O0661,C044,06/02/2025,Books,Non-fiction,3,£31.39,Credit Card,West,£94.17
O0662,C211,26/12/2024,Books,Fiction,2,£20.22,Digital Wallet,South,£40.44
O0663,C056,13/04/2025,Home & Kitchen,Vacuum Cleaner,2,£172.83,PayPal,West,£345.66
O0664,C156,16/06/2025,Books,Fiction,1,£251.71,Bank Transfer,West,£251.71
O0665,C189,17/02/2025,Toys,Board Game,2,£207.60,Bank Transfer,North,£415.20
O0666,C207,29/11/2024,Home & Kitchen,Vacuum Cleaner,1,£215.02,Credit Card,North,£215.02
O0667,C049,23/07/2025,Clothing,Jacket,1,£421.82,Digital Wallet,South,£421.82
O0668,C186,03/08/2024,Toys,Puzzle,2,£480.78,Bank Transfer,East,£961.56
O0669,C037,06/09/2024,Books,Fiction,1,£424.66,Credit Card,North,£424.66
O0670,C126,29/06/2025,Home & Kitchen,Blender,4,£370.32,PayPal,West,"£1,481.28"
O0671,C050,02/11/2024,Home & Kitchen,Cookware Set,4,£257.37,Bank Transfer,South,"£1,029.48"
O0672,C105,01/10/2024,Home & Kitchen,Blender,1,£261.86,Bank Transfer,North,£261.86
O0673,C098,06/03/2025,Home & Kitchen,Cookware Set,4,£24.40,Credit Card,North,£97.60
O0674,C079,04/11/2024,Clothing,Jeans,4,£307.03,Digital Wallet,East,"£1,228.12"
O0675,C039,07/08/2024,Books,Fiction,2,£398.55,Bank Transfer,East,£797.10
O0676,C186,04/09/2024,Books,Fiction,2,£496.15,Bank Transfer,West,£992.30
O0677,C131,12/03/2025,Home & Kitchen,Blender,2,£185.98,Digital Wallet,North,£371.96
O0678,C021,08/01/2025,Electronics,Phone,1,£238.25,Digital Wallet,North,£238.25
O0679,C026,05/12/2024,Clothing,Jacket,3,£125.54,PayPal,South,£376.62
O0680,C222,02/05/2025,Toys,Puzzle,4,£208.60,Digital Wallet,West,£834.40
O0681,C014,25/05/2025,Books,Fiction,3,£319.94,Bank Transfer,South,£959.82
O0682,C037,22/11/2024,Clothing,Jacket,2,£261.18,Bank Transfer,West,£522.36
O0683,C041,09/01/2025,Electronics,Headphones,1,£43.88,PayPal,West,£43.88
O0684,C125,16/03/2025,Toys,Board Game,2,£57.72,Bank Transfer,North,£115.44
O0685,C231,07/02/2025,Clothing,T-Shirt,3,£300.53,Digital Wallet,North,£901.59
O0686,C231,06/09/2024,Toys,Puzzle,1,£334.68,PayPal,East,£334.68
O0687,C089,20/12/2024,Home & Kitchen,Blender,2,£329.54,Bank Transfer,North,£659.08
O0688,C163,08/07/2025,Home & Kitchen,Vacuum Cleaner,1,£205.53,Bank Transfer,East,£205.53
O0689,C193,04/03/2025,Toys,Board Game,1,£14.42,Bank Transfer,North,£14.42
O0690,C164,05/10/2024,Home & Kitchen,Cookware Set,4,£303.37,Bank Transfer,South,"£1,213.48"
O0691,C031,30/10/2024,Home & Kitchen,Vacuum Cleaner,1,£126.14,Credit Card,South,£126.14
O0692,C118,10/08/2024,Home & Kitchen,Blender,3,£443.02,PayPal,East,"£1,329.06"
O0693,C093,25/04/2025,Electronics,Phone,2,£172.14,Digital Wallet,South,£344.28
O0694,C105,09/01/2025,Toys,Board Game,2,£338.00,Bank Transfer,South,£676.00
O0695,C008,24/07/2024,Toys,Board Game,1,£230.22,Bank Transfer,South,£230.22
O0696,C057,10/02/2025,Books,Comics,3,£474.81,PayPal,South,"£1,424.43"
O0697,C028,18/07/2025,Books,Non-fiction,4,£186.03,PayPal,South,£744.12
O0698,C175,02/06/2025,Home & Kitchen,Cookware Set,1,£306.71,Credit Card,East,£306.71
O0699,C049,18/02/2025,Electronics,Laptop,1,£271.42,PayPal,South,£271.42
O0700,C056,16/04/2025,Books,Comics,1,£355.64,Bank Transfer,West,£355.64
O0701,C134,29/04/2025,Books,Non-fiction,4,£433.47,Bank Transfer,West,"£1,733.88"
O0702,C148,24/07/2025,Clothing,T-Shirt,4,£274.55,Credit Card,South,"£1,098.20"
O0703,C201,08/05/2025,Home & Kitchen,Blender,2,£493.48,Digital Wallet,South,£986.96
O0704,C026,06/05/2025,Toys,Board Game,3,£123.25,PayPal,West,£369.75
O0705,C035,10/04/2025,Toys,Action Figure,1,£323.60,Bank Transfer,North,£323.60
O0706,C059,08/10/2024,Toys,Puzzle,2,£98.21,Digital Wallet,East,£196.42
O0707,C179,12/12/2024,Toys,Puzzle,1,£60.62,Bank Transfer,South,£60.62
O0708,C020,07/01/2025,Books,Fiction,2,£347.22,PayPal,East,£694.44
O0709,C043,20/08/2024,Electronics,Laptop,1,£245.15,Digital Wallet,East,£245.15
O0710,C050,07/04/2025,Electronics,Laptop,2,£476.39,Credit Card,South,£952.78
O0711,C223,16/07/2025,Clothing,Jacket,1,£435.28,Digital Wallet,West,£435.28
O0712,C178,29/11/2024,Clothing,Jacket,4,£262.64,PayPal,South,"£1,050.56"
O0713,C084,23/03/2025,Clothing,T-Shirt,3,£336.76,Digital Wallet,East,"£1,010.28"
O0714,C045,22/11/2024,Toys,Action Figure,3,£24.69,PayPal,East,£74.07
O0715,C234,07/04/2025,Home & Kitchen,Cookware Set,4,£355.29,Digital Wallet,North,"£1,421.16"
O0716,C242,18/06/2025,Clothing,Jeans,4,£339.98,Credit Card,East,"£1,359.92"
O0717,C008,10/09/2024,Clothing,Jacket,1,£56.01,PayPal,South,£56.01
O0718,C005,29/04/2025,Clothing,Jacket,1,£227.44,Digital Wallet,South,£227.44
O0719,C034,08/07/2025,Books,Non-fiction,3,£96.80,PayPal,East,£290.40
O0720,C218,17/11/2024,Books,Non-fiction,1,£420.68,Bank Transfer,North,£420.68
O0721,C114,05/02/2025,Electronics,Laptop,3,£344.79,Digital Wallet,East,"£1,034.37"
O0722,C136,21/11/2024,Books,Non-fiction,2,£312.75,Digital Wallet,North,£625.50
O0723,C076,08/04/2025,Electronics,Headphones,3,£289.60,Bank Transfer,East,£868.80
O0724,C046,29/12/2024,Electronics,Headphones,3,£466.16,Bank Transfer,South,"£1,398.48"
O0725,C147,27/11/2024,Books,Fiction,4,£341.49,Bank Transfer,East,"£1,365.96"
O0726,C053,27/12/2024,Home & Kitchen,Cookware Set,3,£332.85,Digital Wallet,South,£998.55
O0727,C090,20/04/2025,Toys,Board Game,4,£329.10,Digital Wallet,North,"£1,316.40"
O0728,C242,15/11/2024,Electronics,Phone,2,£332.34,Bank Transfer,North,£664.68
O0729,C073,24/02/2025,Electronics,Phone,4,£33.62,Bank Transfer,West,£134.48
O0730,C176,11/09/2024,Electronics,Laptop,1,£209.38,PayPal,South,£209.38
O0731,C077,06/10/2024,Home & Kitchen,Blender,1,£393.37,Digital Wallet,North,£393.37
O0732,C068,03/01/2025,Home & Kitchen,Cookware Set,3,£371.84,Credit Card,East,"£1,115.52"
O0733,C238,08/04/2025,Clothing,T-Shirt,2,£208.03,Bank Transfer,East,£416.06
O0734,C198,24/07/2025,Clothing,Jeans,4,£337.12,Credit Card,North,"£1,348.48"
O0735,C233,18/12/2024,Electronics,Phone,2,£383.52,Bank Transfer,North,£767.04
O0736,C075,13/04/2025,Clothing,Jacket,3,£223.44,PayPal,West,£670.32
O0737,C054,10/05/2025,Electronics,Phone,1,£68.90,Digital Wallet,North,£68.90
O0738,C143,09/07/2025,Books,Comics,3,£12.82,PayPal,West,£38.46
O0739,C199,29/09/2024,Electronics,Phone,1,£189.57,Bank Transfer,North,£189.57
O0740,C060,20/03/2025,Electronics,Phone,3,£350.78,Digital Wallet,East,"£1,052.34"
O0741,C049,02/03/2025,Home & Kitchen,Blender,1,£229.86,Bank Transfer,South,£229.86
O0742,C172,17/11/2024,Clothing,T-Shirt,4,£192.89,Credit Card,South,£771.56
O0743,C099,28/12/2024,Books,Non-fiction,2,£45.87,PayPal,South,£91.74
O0744,C074,21/02/2025,Books,Comics,4,£337.42,Bank Transfer,South,"£1,349.68"
O0745,C003,12/06/2025,Electronics,Phone,2,£237.11,PayPal,North,£474.22
O0746,C048,24/07/2024,Toys,Action Figure,1,£433.03,Bank Transfer,East,£433.03
O0747,C117,19/11/2024,Books,Non-fiction,2,£244.80,PayPal,South,£489.60
O0748,C012,12/11/2024,Home & Kitchen,Vacuum Cleaner,1,£177.21,Credit Card,South,£177.21
O0749,C037,13/10/2024,Toys,Action Figure,1,£205.42,Digital Wallet,North,£205.42
O0750,C015,06/01/2025,Home & Kitchen,Blender,3,£271.47,PayPal,West,£814.41
